{"cameraMode":{"drawMode":0,"name":"Shaded","section":"Shading Mode"},"sceneLighting":true,"audioPlay":false,"sceneViewState":{"showFog":true,"showMaterialUpdate":false,"showSkybox":true,"showFlares":true,"showImageEffects":true,"showParticleSystems":true,"showVisualEffectGraphs":true,"m_FxEnabled":true},"in2DMode":false,"pivot":{"x":-56.617828369140628,"y":-210.0338592529297,"z":1211.902587890625},"rotation":{"x":0.09614495933055878,"y":-0.020909586921334268,"z":0.0019825994968414308,"w":0.9951963424682617},"size":647.519775390625,"orthographic":false}